序号,关键词,热度,时间
1,钟南山称疫情今冬明春可能继续存在,3166545,2020/09/18 15:48
2,学生晒宿舍火锅被消防员找到,2819174,2020/09/18 15:48
3,Mike为争儿子抚养权节衣缩食,2526500,2020/09/18 15:48
4,台湾,2051574,2020/09/18 15:48
5,胡杏儿儿子学普通话,1649313,2020/09/18 15:48
6,好物进化论,1235981,2020/09/18 15:48
7,iOS14的翻译太懂了,1112518,2020/09/18 15:48
8,郭靖宇,964304,2020/09/18 15:48
9,中国军队维和牺牲官兵名单,725652,2020/09/18 15:48
10,耿爽就涉台问题向美方提出严正交涉,645261,2020/09/18 15:48
1,钟南山称疫情今冬明春可能继续存在,3148257,2020/09/18 15:49
2,学生晒宿舍火锅被消防员找到,2682069,2020/09/18 15:49
3,Mike为争儿子抚养权节衣缩食,2674149,2020/09/18 15:49
4,台湾,2017092,2020/09/18 15:49
5,胡杏儿儿子学普通话,1617078,2020/09/18 15:49
6,iOS14的翻译太懂了,1093463,2020/09/18 15:49
7,郭靖宇,1008731,2020/09/18 15:49
8,中国军队维和牺牲官兵名单,637407,2020/09/18 15:49
9,耿爽就涉台问题向美方提出严正交涉,628488,2020/09/18 15:49
10,徐峥,627882,2020/09/18 15:49
1,钟南山称疫情今冬明春可能继续存在,3131957,2020/09/18 15:50
2,学生晒宿舍火锅被消防员找到,2962909,2020/09/18 15:50
3,Mike为争儿子抚养权节衣缩食,2806872,2020/09/18 15:50
4,台湾,1992258,2020/09/18 15:50
5,胡杏儿儿子学普通话,1589855,2020/09/18 15:50
6,四六级,1237354,2020/09/18 15:50
7,iOS14的翻译太懂了,1071470,2020/09/18 15:50
8,郭靖宇,1051680,2020/09/18 15:50
9,中国军队维和牺牲官兵名单,816659,2020/09/18 15:50
10,网红拉姆遭前夫纵火焚烧重度烧伤,654861,2020/09/18 15:50
1,钟南山称疫情今冬明春可能继续存在,3117974,2020/09/18 15:51
2,学生晒宿舍火锅被消防员找到,2927556,2020/09/18 15:51
3,Mike为争儿子抚养权节衣缩食,2917283,2020/09/18 15:51
4,台湾,1928907,2020/09/18 15:51
5,胡杏儿儿子学普通话,1552986,2020/09/18 15:51
6,郭靖宇,1087612,2020/09/18 15:51
7,iOS14的翻译太懂了,1049289,2020/09/18 15:51
8,中国军队维和牺牲官兵名单,750671,2020/09/18 15:51
9,网红拉姆遭前夫纵火焚烧重度烧伤,683217,2020/09/18 15:51
10,徐峥,677927,2020/09/18 15:51
1,钟南山称疫情今冬明春可能继续存在,3105981,2020/09/18 15:52
2,学生晒宿舍火锅被消防员找到,3061189,2020/09/18 15:52
3,Mike为争儿子抚养权节衣缩食,3033365,2020/09/18 15:52
4,台湾,1902231,2020/09/18 15:52
5,胡杏儿儿子学普通话,1518245,2020/09/18 15:52
6,郭靖宇,1140526,2020/09/18 15:52
7,iOS14的翻译太懂了,1032550,2020/09/18 15:52
8,中国军队维和牺牲官兵名单,817762,2020/09/18 15:52
9,网红拉姆遭前夫纵火焚烧重度烧伤,709516,2020/09/18 15:52
10,徐峥,694628,2020/09/18 15:52
1,Mike为争儿子抚养权节衣缩食,3131703,2020/09/18 15:53
2,学生晒宿舍火锅被消防员找到,3102277,2020/09/18 15:53
3,钟南山称疫情今冬明春可能继续存在,3090737,2020/09/18 15:53
4,台湾,1861163,2020/09/18 15:53
5,胡杏儿儿子学普通话,1486804,2020/09/18 15:53
6,四六级,1273814,2020/09/18 15:53
7,郭靖宇,1173582,2020/09/18 15:53
8,iOS14的翻译太懂了,1011232,2020/09/18 15:53
9,中国军队维和牺牲官兵名单,783261,2020/09/18 15:53
10,网红拉姆遭前夫纵火焚烧重度烧伤,739254,2020/09/18 15:53
1,Mike为争儿子抚养权节衣缩食,3230846,2020/09/18 15:54
2,学生晒宿舍火锅被消防员找到,3115999,2020/09/18 15:54
3,钟南山称疫情今冬明春可能继续存在,3059020,2020/09/18 15:54
4,台湾,1846662,2020/09/18 15:54
5,胡杏儿儿子学普通话,1455912,2020/09/18 15:54
6,你的歌单该更新了,1386348,2020/09/18 15:54
7,郭靖宇,1188357,2020/09/18 15:54
8,iOS14的翻译太懂了,998455,2020/09/18 15:54
9,中国军队维和牺牲官兵名单,852183,2020/09/18 15:54
10,网红拉姆遭前夫纵火焚烧重度烧伤,769312,2020/09/18 15:54
1,Mike为争儿子抚养权节衣缩食,3327289,2020/09/18 15:55
2,学生晒宿舍火锅被消防员找到,3083574,2020/09/18 15:55
3,钟南山称疫情今冬明春可能继续存在,2966137,2020/09/18 15:55
4,台湾,1833810,2020/09/18 15:55
5,胡杏儿儿子学普通话,1440511,2020/09/18 15:55
6,郭靖宇,1187622,2020/09/18 15:55
7,iOS14的翻译太懂了,987422,2020/09/18 15:55
8,中国军队维和牺牲官兵名单,889336,2020/09/18 15:55
9,网红拉姆遭前夫纵火焚烧重度烧伤,837933,2020/09/18 15:55
10,徐峥,834920,2020/09/18 15:55
1,Mike为争儿子抚养权节衣缩食,3446418,2020/09/18 15:56
2,学生晒宿舍火锅被消防员找到,3057278,2020/09/18 15:56
3,校园学霸卡,2975417,2020/09/18 15:56
4,钟南山称疫情今冬明春可能继续存在,2836032,2020/09/18 15:56
5,台湾,1823709,2020/09/18 15:56
6,胡杏儿儿子学普通话,1413388,2020/09/18 15:56
7,郭靖宇,1174411,2020/09/18 15:56
8,iOS14的翻译太懂了,979708,2020/09/18 15:56
9,中国军队维和牺牲官兵名单,872033,2020/09/18 15:56
10,网红拉姆遭前夫纵火焚烧重度烧伤,870807,2020/09/18 15:56
1,Mike为争儿子抚养权节衣缩食,3597994,2020/09/18 15:57
2,学生晒宿舍火锅被消防员找到,3100010,2020/09/18 15:57
3,钟南山称疫情今冬明春可能继续存在,2713372,2020/09/18 15:57
4,台湾,1829375,2020/09/18 15:57
5,胡杏儿儿子学普通话,1386474,2020/09/18 15:57
6,乐队一夏,1303335,2020/09/18 15:57
7,郭靖宇,1161772,2020/09/18 15:57
8,iOS14的翻译太懂了,972249,2020/09/18 15:57
9,中国军队维和牺牲官兵名单,932446,2020/09/18 15:57
10,网红拉姆遭前夫纵火焚烧重度烧伤,901369,2020/09/18 15:57
1,Mike为争儿子抚养权节衣缩食,3751191,2020/09/18 15:58
2,学生晒宿舍火锅被消防员找到,2977062,2020/09/18 15:58
3,钟南山称疫情今冬明春可能继续存在,2620679,2020/09/18 15:58
4,台湾,1835421,2020/09/18 15:58
5,胡杏儿儿子学普通话,1364171,2020/09/18 15:58
6,郭靖宇,1155332,2020/09/18 15:58
7,iOS14的翻译太懂了,974730,2020/09/18 15:58
8,中国军队维和牺牲官兵名单,940633,2020/09/18 15:58
9,网红拉姆遭前夫纵火焚烧重度烧伤,929069,2020/09/18 15:58
10,徐峥,896249,2020/09/18 15:58
1,Mike为争儿子抚养权节衣缩食,3894561,2020/09/18 15:59
2,学生晒宿舍火锅被消防员找到,2586712,2020/09/18 15:59
3,钟南山称疫情今冬明春可能继续存在,2561156,2020/09/18 15:59
4,台湾,1839951,2020/09/18 15:59
5,胡杏儿儿子学普通话,1343824,2020/09/18 15:59
6,郭靖宇,1149901,2020/09/18 15:59
7,iOS14的翻译太懂了,976508,2020/09/18 15:59
8,中国军队维和牺牲官兵名单,966331,2020/09/18 15:59
9,网红拉姆遭前夫纵火焚烧重度烧伤,957049,2020/09/18 15:59
10,徐峥,933900,2020/09/18 15:59
1,Mike为争儿子抚养权节衣缩食,4051671,2020/09/18 16:00
2,学生晒宿舍火锅被消防员找到,3256646,2020/09/18 16:00
3,好物百货商场,3084338,2020/09/18 16:00
4,钟南山称疫情今冬明春可能继续存在,2507480,2020/09/18 16:00
5,台湾,1841476,2020/09/18 16:00
6,胡杏儿儿子学普通话,1357165,2020/09/18 16:00
7,郭靖宇,1141183,2020/09/18 16:00
8,网红拉姆遭前夫纵火焚烧重度烧伤,984641,2020/09/18 16:00
9,中国军队维和牺牲官兵名单,982152,2020/09/18 16:00
10,iOS14的翻译太懂了,980744,2020/09/18 16:00
1,Mike为争儿子抚养权节衣缩食,4194621,2020/09/18 16:01
2,学生晒宿舍火锅被消防员找到,3000721,2020/09/18 16:01
3,钟南山称疫情今冬明春可能继续存在,2451786,2020/09/18 16:01
4,台湾,1826684,2020/09/18 16:01
5,胡杏儿儿子学普通话,1365300,2020/09/18 16:01
6,好物进化论,1190220,2020/09/18 16:01
7,郭靖宇,1137923,2020/09/18 16:01
8,网红拉姆遭前夫纵火焚烧重度烧伤,1013710,2020/09/18 16:01
9,中国军队维和牺牲官兵名单,989274,2020/09/18 16:01
10,iOS14的翻译太懂了,985449,2020/09/18 16:01
1,Mike为争儿子抚养权节衣缩食,4326257,2020/09/18 16:02
2,学生晒宿舍火锅被消防员找到,2675915,2020/09/18 16:02
3,好物百货商场,2611962,2020/09/18 16:02
4,钟南山称疫情今冬明春可能继续存在,2397855,2020/09/18 16:02
5,台湾,1835803,2020/09/18 16:02
6,胡杏儿儿子学普通话,1366187,2020/09/18 16:02
7,郭靖宇,1131968,2020/09/18 16:02
8,网红拉姆遭前夫纵火焚烧重度烧伤,1042257,2020/09/18 16:02
9,中国军队维和牺牲官兵名单,1007961,2020/09/18 16:02
10,iOS14的翻译太懂了,986486,2020/09/18 16:02
1,Mike为争儿子抚养权节衣缩食,4441916,2020/09/18 16:03
2,学生晒宿舍火锅被消防员找到,2911111,2020/09/18 16:03
3,钟南山称疫情今冬明春可能继续存在,2333098,2020/09/18 16:03
4,台湾,1835153,2020/09/18 16:03
5,胡杏儿儿子学普通话,1356461,2020/09/18 16:03
6,四六级,1203695,2020/09/18 16:03
7,郭靖宇,1131804,2020/09/18 16:03
8,网红拉姆遭前夫纵火焚烧重度烧伤,1067397,2020/09/18 16:03
9,中国军队维和牺牲官兵名单,987960,2020/09/18 16:03
10,iOS14的翻译太懂了,981501,2020/09/18 16:03
1,Mike为争儿子抚养权节衣缩食,4566878,2020/09/18 16:04
2,学生晒宿舍火锅被消防员找到,3390654,2020/09/18 16:04
3,好物百货商场,3132256,2020/09/18 16:04
4,钟南山称疫情今冬明春可能继续存在,2267184,2020/09/18 16:04
5,台湾,1826969,2020/09/18 16:04
6,胡杏儿儿子学普通话,1325122,2020/09/18 16:04
7,郭靖宇,1133125,2020/09/18 16:04
8,网红拉姆遭前夫纵火焚烧重度烧伤,1093689,2020/09/18 16:04
9,中国军队维和牺牲官兵名单,1019653,2020/09/18 16:04
10,iOS14的翻译太懂了,974704,2020/09/18 16:04
1,Mike为争儿子抚养权节衣缩食,4674905,2020/09/18 16:05
2,学生晒宿舍火锅被消防员找到,2693304,2020/09/18 16:05
3,致无法被标签的一代,2519619,2020/09/18 16:05
4,钟南山称疫情今冬明春可能继续存在,2210844,2020/09/18 16:05
5,台湾,1824814,2020/09/18 16:05
6,幸福东北,1757374,2020/09/18 16:05
7,胡杏儿儿子学普通话,1306038,2020/09/18 16:05
8,郭靖宇,1136592,2020/09/18 16:05
9,网红拉姆遭前夫纵火焚烧重度烧伤,1105109,2020/09/18 16:05
10,中国军队维和牺牲官兵名单,980159,2020/09/18 16:05
1,Mike为争儿子抚养权节衣缩食,4422754,2020/09/18 16:06
2,学生晒宿舍火锅被消防员找到,2773010,2020/09/18 16:06
3,钟南山称疫情今冬明春可能继续存在,2140621,2020/09/18 16:06
4,台湾,1808869,2020/09/18 16:06
5,胡杏儿儿子学普通话,1273674,2020/09/18 16:06
6,郭靖宇,1151287,2020/09/18 16:06
7,网红拉姆遭前夫纵火焚烧重度烧伤,1122096,2020/09/18 16:06
8,中国军队维和牺牲官兵名单,1024201,2020/09/18 16:06
9,iOS14的翻译太懂了,951600,2020/09/18 16:06
10,徐峥,887085,2020/09/18 16:06
1,Mike为争儿子抚养权节衣缩食,4422754,2020/09/18 16:07
2,学生晒宿舍火锅被消防员找到,2773010,2020/09/18 16:07
3,校园学霸卡,2539027,2020/09/18 16:07
4,钟南山称疫情今冬明春可能继续存在,2140621,2020/09/18 16:07
5,台湾,1808869,2020/09/18 16:07
6,胡杏儿儿子学普通话,1273674,2020/09/18 16:07
7,郭靖宇,1151287,2020/09/18 16:07
8,网红拉姆遭前夫纵火焚烧重度烧伤,1122096,2020/09/18 16:07
9,中国军队维和牺牲官兵名单,1024201,2020/09/18 16:07
10,iOS14的翻译太懂了,951600,2020/09/18 16:07
1,Mike为争儿子抚养权节衣缩食,4390466,2020/09/18 16:08
2,学生晒宿舍火锅被消防员找到,2246977,2020/09/18 16:08
3,钟南山称疫情今冬明春可能继续存在,2066203,2020/09/18 16:08
4,台湾,1798005,2020/09/18 16:08
5,胡杏儿儿子学普通话,1232511,2020/09/18 16:08
6,郭靖宇,1168357,2020/09/18 16:08
7,网红拉姆遭前夫纵火焚烧重度烧伤,1155669,2020/09/18 16:08
8,中国军队维和牺牲官兵名单,995316,2020/09/18 16:08
9,iOS14的翻译太懂了,926945,2020/09/18 16:08
10,徐峥,870561,2020/09/18 16:08
1,Mike为争儿子抚养权节衣缩食,4364512,2020/09/18 16:09
2,学生晒宿舍火锅被消防员找到,2246800,2020/09/18 16:09
3,钟南山称疫情今冬明春可能继续存在,2031305,2020/09/18 16:09
4,台湾,1786304,2020/09/18 16:09
5,胡杏儿儿子学普通话,1211056,2020/09/18 16:09
6,你的歌单该更新了,1200456,2020/09/18 16:09
7,郭靖宇,1170286,2020/09/18 16:09
8,网红拉姆遭前夫纵火焚烧重度烧伤,1167384,2020/09/18 16:09
9,中国军队维和牺牲官兵名单,1019147,2020/09/18 16:09
10,iOS14的翻译太懂了,918442,2020/09/18 16:09
1,Mike为争儿子抚养权节衣缩食,4338643,2020/09/18 16:10
2,学生晒宿舍火锅被消防员找到,2940556,2020/09/18 16:10
3,钟南山称疫情今冬明春可能继续存在,2042044,2020/09/18 16:10
4,台湾,1746405,2020/09/18 16:10
5,网红拉姆遭前夫纵火焚烧重度烧伤,1189346,2020/09/18 16:10
6,胡杏儿儿子学普通话,1187707,2020/09/18 16:10
7,郭靖宇,1176923,2020/09/18 16:10
8,中国军队维和牺牲官兵名单,988704,2020/09/18 16:10
9,iOS14的翻译太懂了,905892,2020/09/18 16:10
10,徐峥,852995,2020/09/18 16:10
1,Mike为争儿子抚养权节衣缩食,4339855,2020/09/18 16:11
2,学生晒宿舍火锅被消防员找到,3155740,2020/09/18 16:11
3,校园学霸卡,2754503,2020/09/18 16:11
4,钟南山称疫情今冬明春可能继续存在,2071314,2020/09/18 16:11
5,台湾,1736791,2020/09/18 16:11
6,网红拉姆遭前夫纵火焚烧重度烧伤,1217882,2020/09/18 16:11
7,郭靖宇,1179129,2020/09/18 16:11
8,胡杏儿儿子学普通话,1157555,2020/09/18 16:11
9,中国军队维和牺牲官兵名单,958305,2020/09/18 16:11
10,iOS14的翻译太懂了,896751,2020/09/18 16:11
1,Mike为争儿子抚养权节衣缩食,4340772,2020/09/18 16:12
2,学生晒宿舍火锅被消防员找到,2449328,2020/09/18 16:12
3,钟南山称疫情今冬明春可能继续存在,2097617,2020/09/18 16:12
4,台湾,1734748,2020/09/18 16:12
5,网红拉姆遭前夫纵火焚烧重度烧伤,1239277,2020/09/18 16:12
6,乐队一夏,1214888,2020/09/18 16:12
7,郭靖宇,1173359,2020/09/18 16:12
8,胡杏儿儿子学普通话,1129736,2020/09/18 16:12
9,中国军队维和牺牲官兵名单,957235,2020/09/18 16:12
10,iOS14的翻译太懂了,892304,2020/09/18 16:12
1,Mike为争儿子抚养权节衣缩食,4350252,2020/09/18 16:13
2,学生晒宿舍火锅被消防员找到,2684526,2020/09/18 16:13
3,钟南山称疫情今冬明春可能继续存在,2087041,2020/09/18 16:13
4,台湾,1729686,2020/09/18 16:13
5,网红拉姆遭前夫纵火焚烧重度烧伤,1267630,2020/09/18 16:13
6,好物进化论,1191480,2020/09/18 16:13
7,郭靖宇,1168733,2020/09/18 16:13
8,胡杏儿儿子学普通话,1096860,2020/09/18 16:13
9,中国军队维和牺牲官兵名单,1053211,2020/09/18 16:13
10,iOS14的翻译太懂了,1030119,2020/09/18 16:13
1,Mike为争儿子抚养权节衣缩食,4387028,2020/09/18 16:14
2,学生晒宿舍火锅被消防员找到,2096025,2020/09/18 16:14
3,钟南山称疫情今冬明春可能继续存在,2050433,2020/09/18 16:14
4,台湾,1724000,2020/09/18 16:14
5,网红拉姆遭前夫纵火焚烧重度烧伤,1297111,2020/09/18 16:14
6,水逆起来有多惨,1176583,2020/09/18 16:14
7,郭靖宇,1161686,2020/09/18 16:14
8,黄鸿升遗照,1095437,2020/09/18 16:14
9,中国军队维和牺牲官兵名单,1070842,2020/09/18 16:14
10,iOS14的翻译太懂了,1067148,2020/09/18 16:14
1,Mike为争儿子抚养权节衣缩食,4355264,2020/09/18 16:15
2,学生晒宿舍火锅被消防员找到,1724213,2020/09/18 16:15
3,校园学霸卡,1724170,2020/09/18 16:15
4,钟南山称疫情今冬明春可能继续存在,1724096,2020/09/18 16:15
5,台湾,1723396,2020/09/18 16:15
6,黄鸿升遗照,1478249,2020/09/18 16:15
7,网红拉姆遭前夫纵火焚烧重度烧伤,1322258,2020/09/18 16:15
8,郭靖宇,1158622,2020/09/18 16:15
9,中国军队维和牺牲官兵名单,1077523,2020/09/18 16:15
10,iOS14的翻译太懂了,1048359,2020/09/18 16:15
1,Mike为争儿子抚养权节衣缩食,4382817,2020/09/18 16:16
2,学生晒宿舍火锅被消防员找到,1728044,2020/09/18 16:16
3,钟南山称疫情今冬明春可能继续存在,1722456,2020/09/18 16:16
4,台湾,1712432,2020/09/18 16:16
5,黄鸿升遗照,1553921,2020/09/18 16:16
6,乐队一夏,1477174,2020/09/18 16:16
7,网红拉姆遭前夫纵火焚烧重度烧伤,1346495,2020/09/18 16:16
8,郭靖宇,1157791,2020/09/18 16:16
9,中国军队维和牺牲官兵名单,1058490,2020/09/18 16:16
10,iOS14的翻译太懂了,1005993,2020/09/18 16:16
1,Mike为争儿子抚养权节衣缩食,4400852,2020/09/18 16:17
2,学生晒宿舍火锅被消防员找到,1721396,2020/09/18 16:17
3,钟南山称疫情今冬明春可能继续存在,1715545,2020/09/18 16:17
4,台湾,1709292,2020/09/18 16:17
5,黄鸿升遗照,1644934,2020/09/18 16:17
6,网红拉姆遭前夫纵火焚烧重度烧伤,1365437,2020/09/18 16:17
7,郭靖宇,1163178,2020/09/18 16:17
8,中国军队维和牺牲官兵名单,1001647,2020/09/18 16:17
9,iOS14的翻译太懂了,975982,2020/09/18 16:17
10,胡杏儿儿子学普通话,968476,2020/09/18 16:17
1,Mike为争儿子抚养权节衣缩食,4396753,2020/09/18 16:18
2,学生晒宿舍火锅被消防员找到,2843828,2020/09/18 16:18
3,钟南山称疫情今冬明春可能继续存在,1922597,2020/09/18 16:18
4,黄鸿升遗照,1749991,2020/09/18 16:18
5,台湾,1698371,2020/09/18 16:18
6,乐队一夏,1573020,2020/09/18 16:18
7,网红拉姆遭前夫纵火焚烧重度烧伤,1359582,2020/09/18 16:18
8,郭靖宇,1155907,2020/09/18 16:18
9,中国军队维和牺牲官兵名单,965657,2020/09/18 16:18
10,iOS14的翻译太懂了,953385,2020/09/18 16:18
1,Mike为争儿子抚养权节衣缩食,4413188,2020/09/18 16:19
2,学生晒宿舍火锅被消防员找到,2050058,2020/09/18 16:19
3,校园学霸卡,1990496,2020/09/18 16:19
4,钟南山称疫情今冬明春可能继续存在,1889079,2020/09/18 16:19
5,黄鸿升遗照,1851454,2020/09/18 16:19
6,台湾,1697514,2020/09/18 16:19
7,网红拉姆遭前夫纵火焚烧重度烧伤,1371651,2020/09/18 16:19
8,郭靖宇,1157861,2020/09/18 16:19
9,中国军队维和牺牲官兵名单,951722,2020/09/18 16:19
10,iOS14的翻译太懂了,931629,2020/09/18 16:19
1,Mike为争儿子抚养权节衣缩食,4459185,2020/09/18 16:20
2,学生晒宿舍火锅被消防员找到,2902033,2020/09/18 16:20
3,好物百货商场,2683743,2020/09/18 16:20
4,黄鸿升遗照,1952942,2020/09/18 16:20
5,钟南山称疫情今冬明春可能继续存在,1869471,2020/09/18 16:20
6,台湾,1685851,2020/09/18 16:20
7,网红拉姆遭前夫纵火焚烧重度烧伤,1402823,2020/09/18 16:20
8,郭靖宇,1164297,2020/09/18 16:20
9,中国军队维和牺牲官兵名单,938389,2020/09/18 16:20
10,iOS14的翻译太懂了,936227,2020/09/18 16:20
1,Mike为争儿子抚养权节衣缩食,4466867,2020/09/18 16:21
2,学生晒宿舍火锅被消防员找到,3229490,2020/09/18 16:21
3,黄鸿升遗照,2025753,2020/09/18 16:21
4,钟南山称疫情今冬明春可能继续存在,1834741,2020/09/18 16:21
5,台湾,1679576,2020/09/18 16:21
6,四六级,1504408,2020/09/18 16:21
7,网红拉姆遭前夫纵火焚烧重度烧伤,1421975,2020/09/18 16:21
8,郭靖宇,1155526,2020/09/18 16:21
9,中国军队维和牺牲官兵名单,976098,2020/09/18 16:21
10,iOS14的翻译太懂了,948671,2020/09/18 16:21
序号,关键词,热度,时间
1,杨迪妈妈把沈腾认成王一博,2156234,2020/09/25 19:17
2,驾校3万学员被坑近2亿元,1643211,2020/09/25 19:17
3,先行者即刻启航,1504096,2020/09/25 19:17
4,演员田某被批捕,1375681,2020/09/25 19:17
5,马云19年前保密项目重启,1343013,2020/09/25 19:17
6,年度C位争霸赛,1258785,2020/09/25 19:17
7,长泽雅美 那张脸我不行的,1189870,2020/09/25 19:17
8,苏杉杉,1011599,2020/09/25 19:17
9,新冠疫苗中国定价会在大众接受范围内,878871,2020/09/25 19:17
10,特朗普被侄女起诉,843186,2020/09/25 19:17
1,杨迪妈妈把沈腾认成王一博,2148471,2020/09/25 19:18
2,驾校3万学员被坑近2亿元,1502858,2020/09/25 19:18
3,这么贵的车谁买,1391050,2020/09/25 19:18
4,马云19年前保密项目重启,1378626,2020/09/25 19:18
5,演员田某被批捕,1371562,2020/09/25 19:18
6,哪一刻让你又相信梦想了,1306192,2020/09/25 19:18
7,长泽雅美 那张脸我不行的,1184789,2020/09/25 19:18
8,苏杉杉,1005337,2020/09/25 19:18
9,新冠疫苗中国定价会在大众接受范围内,834798,2020/09/25 19:18
10,特朗普被侄女起诉,834385,2020/09/25 19:18
1,杨迪妈妈把沈腾认成王一博,2143139,2020/09/25 19:19
2,驾校3万学员被坑近2亿元,1564899,2020/09/25 19:19
3,NISSAN焕新,1532514,2020/09/25 19:19
4,马云19年前保密项目重启,1440338,2020/09/25 19:19
5,演员田某被批捕,1368729,2020/09/25 19:19
6,万科新裤子合作出单曲,1294387,2020/09/25 19:19
7,长泽雅美 那张脸我不行的,1178107,2020/09/25 19:19
8,苏杉杉,1009130,2020/09/25 19:19
9,新冠疫苗中国定价会在大众接受范围内,817421,2020/09/25 19:19
10,特朗普被侄女起诉,815614,2020/09/25 19:19
1,杨迪妈妈把沈腾认成王一博,2103538,2020/09/25 19:20
2,驾校3万学员被坑近2亿元,1770353,2020/09/25 19:20
3,会发热的 好暖卫生巾,1706810,2020/09/25 19:20
4,马云19年前保密项目重启,1535007,2020/09/25 19:20
5,演员田某被批捕,1363610,2020/09/25 19:20
6,长泽雅美 那张脸我不行的,1162814,2020/09/25 19:20
7,苏杉杉,1030221,2020/09/25 19:20
8,新冠疫苗中国定价会在大众接受范围内,827069,2020/09/25 19:20
9,特朗普被侄女起诉,792072,2020/09/25 19:20
10,东莞华为研发实验室起火,788094,2020/09/25 19:20
1,杨迪妈妈把沈腾认成王一博,2096030,2020/09/25 19:21
2,驾校3万学员被坑近2亿元,1656709,2020/09/25 19:21
3,锅圈一哥岳云鹏,1601079,2020/09/25 19:21
4,马云19年前保密项目重启,1583511,2020/09/25 19:21
5,演员田某被批捕,1347592,2020/09/25 19:21
6,蔡国庆舞技大赏,1313716,2020/09/25 19:21
7,长泽雅美 那张脸我不行的,1148319,2020/09/25 19:21
8,苏杉杉,1048267,2020/09/25 19:21
9,新冠疫苗中国定价会在大众接受范围内,865092,2020/09/25 19:21
10,特朗普被侄女起诉,803931,2020/09/25 19:21
1,杨迪妈妈把沈腾认成王一博,2082320,2020/09/25 19:22
2,驾校3万学员被坑近2亿元,1645464,2020/09/25 19:22
3,谢娜任珍探事务所所长,1633476,2020/09/25 19:22
4,马云19年前保密项目重启,1626732,2020/09/25 19:22
5,演员田某被批捕,1333483,2020/09/25 19:22
6,我和我的家乡有淘宝,1162099,2020/09/25 19:22
7,长泽雅美 那张脸我不行的,1131854,2020/09/25 19:22
8,苏杉杉,1064161,2020/09/25 19:22
9,新冠疫苗中国定价会在大众接受范围内,826209,2020/09/25 19:22
10,特朗普被侄女起诉,777240,2020/09/25 19:22
1,杨迪妈妈把沈腾认成王一博,2066109,2020/09/25 19:23
2,驾校3万学员被坑近2亿元,1754587,2020/09/25 19:23
3,宋佳有一套,1748713,2020/09/25 19:23
4,马云19年前保密项目重启,1670661,2020/09/25 19:23
5,演员田某被批捕,1320070,2020/09/25 19:23
6,葫芦兄弟来劲了,1114808,2020/09/25 19:23
7,长泽雅美 那张脸我不行的,1112734,2020/09/25 19:23
8,苏杉杉,1084655,2020/09/25 19:23
9,新冠疫苗中国定价会在大众接受范围内,881372,2020/09/25 19:23
10,特朗普被侄女起诉,803603,2020/09/25 19:23
1,杨迪妈妈把沈腾认成王一博,2061702,2020/09/25 19:24
2,驾校3万学员被坑近2亿元,1763793,2020/09/25 19:24
3,谢娜任珍探事务所所长,1729871,2020/09/25 19:24
4,马云19年前保密项目重启,1710789,2020/09/25 19:24
5,演员田某被批捕,1305807,2020/09/25 19:24
6,我和我的家乡有淘宝,1139172,2020/09/25 19:24
7,苏杉杉,1109765,2020/09/25 19:24
8,长泽雅美 那张脸我不行的,1096248,2020/09/25 19:24
9,新冠疫苗中国定价会在大众接受范围内,752533,2020/09/25 19:24
10,特朗普被侄女起诉,726579,2020/09/25 19:24
1,杨迪妈妈把沈腾认成王一博,2043865,2020/09/25 19:25
2,驾校3万学员被坑近2亿元,1786677,2020/09/25 19:25
3,马云19年前保密项目重启,1752552,2020/09/25 19:25
4,演员田某被批捕,1291129,2020/09/25 19:25
5,苏杉杉,1132680,2020/09/25 19:25
6,微博好物生活节,1081996,2020/09/25 19:25
7,长泽雅美 那张脸我不行的,1075084,2020/09/25 19:25
8,新冠疫苗中国定价会在大众接受范围内,745997,2020/09/25 19:25
9,特朗普被侄女起诉,720841,2020/09/25 19:25
10,东莞华为研发实验室起火,704460,2020/09/25 19:25
1,杨迪妈妈把沈腾认成王一博,2028895,2020/09/25 19:26
2,驾校3万学员被坑近2亿元,1798975,2020/09/25 19:26
3,会发热的 好暖卫生巾,1797542,2020/09/25 19:26
4,马云19年前保密项目重启,1793667,2020/09/25 19:26
5,演员田某被批捕,1279330,2020/09/25 19:26
6,苏杉杉,1152065,2020/09/25 19:26
7,长泽雅美 那张脸我不行的,1061048,2020/09/25 19:26
8,新冠疫苗中国定价会在大众接受范围内,712132,2020/09/25 19:26
9,特朗普被侄女起诉,699585,2020/09/25 19:26
10,东莞华为研发实验室起火,696164,2020/09/25 19:26
1,杨迪妈妈把沈腾认成王一博,2018852,2020/09/25 19:27
2,驾校3万学员被坑近2亿元,1916394,2020/09/25 19:27
3,谢娜任珍探事务所所长,1862469,2020/09/25 19:27
4,马云19年前保密项目重启,1832136,2020/09/25 19:27
5,演员田某被批捕,1269477,2020/09/25 19:27
6,我和我的家乡有淘宝,1182417,2020/09/25 19:27
7,苏杉杉,1167053,2020/09/25 19:27
8,长泽雅美 那张脸我不行的,1040443,2020/09/25 19:27
9,新冠疫苗中国定价会在大众接受范围内,869520,2020/09/25 19:27
10,特朗普被侄女起诉,793319,2020/09/25 19:27
1,杨迪妈妈把沈腾认成王一博,2001696,2020/09/25 19:28
2,驾校3万学员被坑近2亿元,1931005,2020/09/25 19:28
3,先行者即刻启航,1901631,2020/09/25 19:28
4,马云19年前保密项目重启,1874516,2020/09/25 19:28
5,演员田某被批捕,1259526,2020/09/25 19:28
6,年度C位争霸赛,1213939,2020/09/25 19:28
7,苏杉杉,1176640,2020/09/25 19:28
8,长泽雅美 那张脸我不行的,1022569,2020/09/25 19:28
9,新冠疫苗中国定价会在大众接受范围内,866346,2020/09/25 19:28
10,特朗普被侄女起诉,770219,2020/09/25 19:28
1,杨迪妈妈把沈腾认成王一博,1986218,2020/09/25 19:29
2,驾校3万学员被坑近2亿元,1943183,2020/09/25 19:29
3,会发热的 好暖卫生巾,1936477,2020/09/25 19:29
4,马云19年前保密项目重启,1918345,2020/09/25 19:29
5,演员田某被批捕,1248278,2020/09/25 19:29
6,苏杉杉,1236736,2020/09/25 19:29
7,长泽雅美 那张脸我不行的,1006617,2020/09/25 19:29
8,新冠疫苗中国定价会在大众接受范围内,821987,2020/09/25 19:29
9,特朗普被侄女起诉,780997,2020/09/25 19:29
10,夺冠,780947,2020/09/25 19:29
